{"cameraMode":{"drawMode":0,"name":"Shaded","section":"Shading Mode"},"sceneLighting":false,"audioPlay":false,"sceneViewState":{"showFog":true,"showMaterialUpdate":false,"showSkybox":false,"showFlares":true,"showImageEffects":true,"showParticleSystems":true,"showVisualEffectGraphs":true,"m_FxEnabled":true},"in2DMode":false,"pivot":{"x":115.2968978881836,"y":112.10877990722656,"z":63.49757385253906},"rotation":{"x":0.14529308676719666,"y":0.016428498551249505,"z":-0.0027275076135993006,"w":0.9894158840179443},"size":46.159732818603519,"orthographic":false}